epoch,train_loss
1,0.06190277710556984
2,0.012437682189047337
3,0.006927350033074617
4,0.004935931898653507
5,0.004040274927392602
6,0.003534086374565959
7,0.003125649681314826
8,0.0028750471025705336
9,0.0026965236384421587
10,0.002486824858933687
11,0.002261967733502388
12,0.002210280951112509
13,0.0022159892041236163
14,0.0018903428548946977
15,0.0018185715144500136
16,0.0016662122868001462
17,0.0016290229884907603
18,0.0015355800418183207
19,0.0015179692255333065
20,0.001471063350327313
21,0.001400527935475111
22,0.0014168296661227942
23,0.0014093361655250192
24,0.001419636607170105
25,0.0013214315706864
26,0.001226534186862409
27,0.0012007820140570403
28,0.0011978766415268183
29,0.0011298191267997027
30,0.0010893501061946154
31,0.001092829443514347
32,0.001115945247001946
33,0.001145810126326978
34,0.0010533898300491274
35,0.0010336680384352803
36,0.0010000780131667853
37,0.0009223668579943479
38,0.0009489733912050724
39,0.0009513064566999674
40,0.0009598006121814251
41,0.0010173109197057783
42,0.0010101982834748923
43,0.0009443659824319183
44,0.0009283250151202083
45,0.0009115853905677795
46,0.0009089087252505124
47,0.0008719105110503733
48,0.0009289992600679397
49,0.0008781649195589125
50,0.0008923158119432628
51,0.0009274519886821508
52,0.0008486429066397249
53,0.0008568477514199912
54,0.0008226625225506723
55,0.0008752606529742479
56,0.000878054320346564
57,0.0009124500094912947
58,0.0009082998451776802
59,0.0009178128046914935
60,0.0008079880964942277
61,0.0008684179442934692
62,0.0009039894072338939
63,0.0008196367439813911
64,0.0008010081155225635
65,0.0007531843800097703
66,0.0007778532593511045
67,0.0008301177923567593
68,0.0007882423559203744
69,0.0008305210759863257
70,0.0007415369641967117
71,0.000771099457051605
72,0.0006743132299743593
73,0.0007064862246625125
74,0.0006892559793777764
75,0.0007837782171554864
76,0.0007393838232383132
77,0.0007073338772170246
78,0.0006734958896413445
79,0.0006522756000049413
80,0.000728717518504709
81,0.0007295903563499451
82,0.0007123602577485144
83,0.0007020045397803187
84,0.0007878627628087997
85,0.0007248884183354675
86,0.0006675707991234958
87,0.0006510826735757291
88,0.0006806607055477798
89,0.0006069815554656089
90,0.0006230001314543187
91,0.0006304698879830539
92,0.000613830063957721
93,0.0006437705107964575
94,0.0006018989137373864
95,0.0006013900437392294
96,0.0006393468030728399
97,0.0006221839576028287
98,0.0006170697999186814
99,0.0005919589661061764
100,0.000619092327542603
